,nondelisted,delisted
0,0.6770432417378198,0.3229567582621801
1,0.23373093804166345,0.7662690619583366
2,0.7217131146957494,0.27828688530425066
3,0.9647967013290787,0.03520329867092132
4,0.9116343532129778,0.08836564678702225
5,0.6329870375848141,0.36701296241518594
6,0.9530474977615384,0.04695250223846156
7,0.9205902484801111,0.07940975151988895
8,0.9784382474760307,0.0215617525239693
9,0.9886616769278226,0.01133832307217744
10,0.9912756700204315,0.008724329979568497
11,0.9635445090038196,0.036455490996180416
12,0.9344679277654673,0.06553207223453267
13,0.9766667674393053,0.023333232560694767
14,0.7332907237412991,0.26670927625870083
15,0.6998580276729545,0.3001419723270455
16,0.9967020824668066,0.0032979175331934716
17,0.889049253735854,0.11095074626414599
18,0.9181660529661247,0.0818339470338753
19,0.6976227258300067,0.3023772741699932
20,0.9886312345387087,0.011368765461291322
21,0.7848756968819597,0.21512430311804026
22,0.6152167675184055,0.38478323248159446
23,0.7894665536886594,0.21053344631134066
24,0.9838931560622718,0.016106843937728262
25,0.8844354159883893,0.11556458401161075
26,0.7461589506046964,0.25384104939530366
27,0.9389704069143152,0.061029593085684807
28,0.7346484902107593,0.26535150978924066
29,0.028763601288833596,0.9712363987111664
30,0.7698366782984557,0.23016332170154427
31,0.9907622886068077,0.009237711393192325
32,0.19368461674994353,0.8063153832500565
33,0.0007666763746860816,0.9992333236253139
34,0.9245227868633497,0.0754772131366503
35,0.0917086468287942,0.9082913531712058
36,0.7509293121656115,0.24907068783438846
37,0.3512372161011137,0.6487627838988863
38,0.7396086586732195,0.26039134132678055
39,0.9183856905589517,0.08161430944104833
40,0.9311117569000547,0.06888824309994529
41,0.5633047662225075,0.43669523377749253
42,0.8486771950948986,0.15132280490510144
43,0.7699450595126018,0.23005494048739814
44,0.9713643544836508,0.028635645516349208
45,0.9241066376641299,0.0758933623358701
46,0.8238978238661546,0.17610217613384538
47,0.9528357051477939,0.047164294852206086
48,0.9133964819022055,0.08660351809779457
49,0.9200379896168793,0.07996201038312067
50,0.8942990023702384,0.10570099762976161
51,0.5318362488360417,0.4681637511639582
52,0.4768536182106746,0.5231463817893254
53,0.7175500881465835,0.2824499118534165
54,0.8380109870229722,0.16198901297702784
55,0.7198228863878811,0.28017711361211894
56,0.6887209219164794,0.31127907808352057
57,0.39320760422454004,0.60679239577546
58,0.8833195220607271,0.11668047793927289
59,0.9661757723443335,0.03382422765566654
60,0.9382124892563628,0.06178751074363721
61,0.8794193945022547,0.1205806054977453
62,0.9170704325474168,0.08292956745258316
63,0.9284303406043297,0.07156965939567025
64,0.9010382185696196,0.0989617814303804
65,0.279505705261323,0.720494294738677
66,0.7272771064176997,0.2727228935823003
67,0.701755629405292,0.298244370594708
68,0.9438184366975931,0.056181563302406895
69,0.049233694823682006,0.950766305176318
70,0.7137417908009601,0.2862582091990399
71,0.9922061724010791,0.007793827598920846
72,0.9581986188909655,0.04180138110903448
73,0.8536083207853288,0.1463916792146712
74,0.919215459709815,0.08078454029018495
75,0.7988281460207554,0.2011718539792447
76,0.38344855092913055,0.6165514490708695
77,0.9843553732998842,0.01564462670011579
78,0.9446448084991197,0.0553551915008803
79,0.7784963014579267,0.22150369854207336
80,0.4990369133441289,0.5009630866558711
81,0.8492279905001683,0.15077200949983177
82,0.7393752774776923,0.2606247225223078
83,0.8047849179348823,0.19521508206511776
84,0.42398358071263786,0.5760164192873621
85,0.8611045527256737,0.13889544727432632
86,0.7764033538660223,0.22359664613397764
87,0.5966890605747979,0.4033109394252021
88,0.9202249110037362,0.07977508899626388
89,0.5616676790434683,0.43833232095653174
90,0.8857056770485939,0.11429432295140607
91,0.836449571520032,0.16355042847996804
92,0.16632188385845936,0.8336781161415406
93,0.7509970421529043,0.2490029578470957
94,0.8592230092873774,0.14077699071262256
95,0.9777082976845185,0.022291702315481478
96,0.9477297433055119,0.05227025669448813
97,0.993206373830684,0.006793626169315955
98,0.954633703445488,0.045366296554511944
99,0.6825660241283165,0.3174339758716836
100,0.8831880348882102,0.11681196511178987
101,0.9228459417950001,0.07715405820499986
102,0.06699607088211523,0.9330039291178848
103,0.8018146665133369,0.19818533348666312
104,0.9142587719782068,0.0857412280217932
105,0.47954581943288255,0.5204541805671175
106,0.8556843011106536,0.1443156988893464
107,0.9308219509146064,0.06917804908539359
108,0.921823243027734,0.078176756972266
109,0.9538993037588639,0.04610069624113612
110,0.9289478759749279,0.07105212402507205
111,0.5323745563951126,0.4676254436048875
112,0.5670833916521467,0.43291660834785334
113,0.7631430039787896,0.23685699602121035
114,0.7125531251842443,0.28744687481575565
115,0.9297908899733897,0.07020911002661039
116,0.8478245698435851,0.15217543015641483
117,0.9788879160710424,0.021112083928957616
118,0.9524330070885069,0.047566992911493106
119,0.8564530402680746,0.1435469597319255
120,0.6668808881677559,0.3331191118322441
121,0.8359754305291126,0.16402456947088742
122,0.9860640142879246,0.013935985712075397
123,0.9204466674987954,0.07955333250120457
124,0.8261084476922056,0.17389155230779438
125,0.06272250242777788,0.9372774975722221
126,0.8734844588120122,0.1265155411879878
127,0.9984426484978748,0.0015573515021252
128,0.9479933053004648,0.05200669469953518
129,0.984883950615388,0.015116049384611923
130,0.9088985502879107,0.09110144971208932
131,0.47496293066193707,0.5250370693380629
132,0.8348804839212853,0.16511951607871472
133,0.8478814070789862,0.15211859292101387
134,0.9615279596454234,0.038472040354576666
135,0.8377475674203241,0.1622524325796759
136,0.9892817975532635,0.010718202446736495
137,0.7373403052019458,0.26265969479805423
138,0.8618170184142846,0.13818298158571535
139,0.8533267769618386,0.14667322303816147
140,0.9430750695313969,0.05692493046860314
141,0.9941257508741939,0.005874249125806115
142,0.8200557796874897,0.17994422031251037
143,0.9396742012122624,0.06032579878773754
144,0.28057983277004195,0.719420167229958
145,0.8299425204198023,0.17005747958019765
146,0.41166747902014356,0.5883325209798564
147,0.8498631793922102,0.15013682060778977
148,0.8241598391573621,0.17584016084263784
149,0.6798270551790317,0.32017294482096825
150,0.688417780580902,0.3115822194190981
151,0.6167386863593329,0.383261313640667
152,0.835808061032754,0.16419193896724604
153,0.6697874536164274,0.3302125463835725
154,0.8657058436871274,0.1342941563128726
155,0.8332921921744355,0.1667078078255645
156,0.9716616081813694,0.02833839181863064
157,0.9513566740493355,0.048643325950664416
158,0.989413822101233,0.010586177898767087
159,0.8150268114116256,0.18497318858837444
160,0.3864746856670821,0.6135253143329179
161,0.6370583591448234,0.36294164085517655
162,0.7416830302108794,0.2583169697891205
163,0.5096690721073132,0.49033092789268684
164,0.9465816259228866,0.053418374077113404
165,0.9454492132609421,0.05455078673905784
166,0.9527691474965951,0.04723085250340486
167,0.8629030279755908,0.1370969720244092
168,0.9199918665877775,0.08000813341222252
169,0.9814785783616852,0.018521421638314866
170,0.9834718441082145,0.016528155891785423
171,0.7896624761776565,0.21033752382234344
172,0.8967977076855042,0.10320229231449582
173,0.8511078684694025,0.1488921315305976
174,0.9924819980896874,0.00751800191031258
175,0.40452330822552174,0.5954766917744783
176,0.9774713699512201,0.022528630048779866
177,0.8661577342780493,0.13384226572195074
178,0.7990600772356469,0.20093992276435318
179,0.9577067999542808,0.04229320004571923
180,0.9383705825351925,0.061629417464807525
181,0.8103511537521739,0.18964884624782605
182,0.8292798465728787,0.17072015342712132
183,0.8384484187171897,0.16155158128281027
184,0.8886418502461495,0.1113581497538505
185,0.9127489718068912,0.08725102819310879
186,0.9248538554303293,0.0751461445696707
187,0.3093418078176733,0.6906581921823267
188,0.8468448330480094,0.1531551669519906
189,0.916640077431762,0.08335992256823797
190,0.9314643251394161,0.06853567486058382
191,0.05347472482973803,0.946525275170262
192,0.053462226059406315,0.9465377739405937
193,0.8067662391063501,0.1932337608936498
194,0.936331290939601,0.06366870906039904
195,0.5250345041600775,0.4749654958399225
196,0.946831862706445,0.05316813729355498
197,0.8221188514782538,0.17788114852174616
198,0.8729905989423565,0.1270094010576435
199,0.9877050676059694,0.012294932394030593
200,0.8407876657156785,0.1592123342843215
201,0.801252612510632,0.19874738748936802
202,0.9699972626611514,0.030002737338848603
203,0.7722940796218654,0.2277059203781347
204,0.9255606569807697,0.07443934301923022
205,0.9953070209222019,0.0046929790777980734
206,0.9035317804763324,0.09646821952366759
207,0.7691607583517183,0.23083924164828173
208,0.954768853743029,0.04523114625697099
209,0.7588589869761517,0.24114101302384827
210,0.985928334677676,0.014071665322323927
211,0.9957181440003096,0.004281855999690496
212,0.9496116174190847,0.05038838258091527
213,0.9640081937837287,0.03599180621627131
214,0.6986958918464737,0.30130410815352626
215,0.8332307669254062,0.16676923307459385
216,0.7231448786669363,0.2768551213330637
217,0.592242850516577,0.407757149483423
218,0.8651006929877114,0.13489930701228856
219,0.0635381105846804,0.9364618894153196
220,0.094775531361171,0.905224468638829
221,0.5153488179353938,0.4846511820646062
222,0.2049442580523042,0.7950557419476958
223,0.7722127676627843,0.22778723233721562
224,0.5137523689283939,0.48624763107160607
225,0.3506323653354595,0.6493676346645405
226,0.9908827663414057,0.009117233658594332
227,0.86080811601152,0.13919188398848004
228,0.8528991476727583,0.14710085232724165
229,0.9431355253717032,0.056864474628296795
230,0.7923602568807212,0.2076397431192788
231,0.8410825943038619,0.15891740569613813
232,0.6016569714402134,0.39834302855978665
233,0.8978251448101517,0.1021748551898483
234,0.9774313408283296,0.022568659171670356
235,0.4693488561200818,0.5306511438799182
236,0.9853565643484452,0.014643435651554808
237,0.9706859344467025,0.02931406555329754
238,0.9343448304811737,0.06565516951882634
239,0.9767097360063794,0.02329026399362058
240,0.9991769864064286,0.0008230135935713656
241,0.9640176950569611,0.035982304943038924
242,0.9554783890990042,0.044521610900995795
243,0.9855039779477457,0.014496022052254342
244,0.9786668344420149,0.021333165557985104
245,0.9375210141448362,0.062478985855163725
246,0.5999737087989856,0.40002629120101446
247,0.9542331999874553,0.04576680001254479
248,0.9957329575372069,0.004267042462793115
249,0.3581090793372911,0.6418909206627089
250,0.8165666511952987,0.18343334880470133
251,0.19476675697291268,0.8052332430270873
252,0.3370292683205034,0.6629707316794966
253,0.41729110769246347,0.5827088923075365
254,0.9610650360636473,0.0389349639363527
255,0.6920152693288657,0.3079847306711343
256,0.9191051928311271,0.08089480716887283
257,0.9999167481134142,8.32518865857305e-05
258,0.9748912363559208,0.025108763644079178
259,0.99401510151594,0.005984898484060068
260,0.5553697154052164,0.4446302845947836
261,0.8381716092714702,0.16182839072852986
262,0.9628932561648833,0.037106743835116716
263,0.887321377797378,0.11267862220262201
264,0.9831852505319119,0.016814749468088187
265,0.9954765382278205,0.0045234617721795515
266,0.9944449024722173,0.005555097527782747
267,0.9819884540741876,0.018011545925812448
268,0.0308439713898786,0.9691560286101214
269,0.9364598407852618,0.06354015921473817
270,0.999326534883789,0.0006734651162110649
271,0.8112030474031799,0.18879695259682
272,0.35402424263267407,0.6459757573673259
273,0.793337318492398,0.20666268150760198
274,0.8321424253403724,0.16785757465962764
275,0.6593126874412527,0.3406873125587473
276,0.9790797578750731,0.02092024212492696
277,0.9798190193854851,0.02018098061451494
278,0.7418223954125879,0.2581776045874121
279,0.9697331626497677,0.0302668373502323
280,0.9796595307596371,0.020340469240362914
281,0.9799166740731862,0.020083325926813805
282,0.9832634452987332,0.01673655470126681
283,0.9759292731639757,0.02407072683602425
284,0.5485462652679223,0.45145373473207767
285,0.9502197954215698,0.049780204578430264
286,0.9929795590571409,0.007020440942859102
287,0.8676138380656937,0.1323861619343063
288,0.8811605982491559,0.11883940175084404
289,0.8434856164365426,0.15651438356345737
290,0.9042749455809266,0.0957250544190734
291,0.998292347678609,0.0017076523213910835
292,0.12828243962388897,0.871717560376111
293,0.9879866854270728,0.012013314572927156
294,0.910600247035543,0.08939975296445703
295,0.8479940528385536,0.15200594716144641
296,0.9750247136015524,0.02497528639844754
297,0.989805299836877,0.010194700163122994
298,0.9063759547812319,0.09362404521876815
299,0.929657456271375,0.07034254372862499
300,0.9808009215454767,0.01919907845452333
301,0.8294664027085726,0.1705335972914274
302,0.9698322215799474,0.03016777842005255
303,0.9960815632584404,0.003918436741559588
304,0.9936698534299707,0.006330146570029261
305,0.05566265017718974,0.9443373498228103
306,0.841025123596718,0.15897487640328198
307,0.9940185670710643,0.005981432928935673
308,0.7986091439439724,0.20139085605602752
309,0.379412311005385,0.620587688994615
310,0.9215403714050514,0.07845962859494857
311,0.9690053326478576,0.030994667352142347
312,0.987660824122037,0.012339175877962991
313,0.841957252931453,0.15804274706854698
314,0.6616339171410801,0.33836608285891984
315,0.7001519667436418,0.2998480332563582
316,0.970874402165153,0.029125597834846986
317,0.9370887446041107,0.06291125539588921
318,0.9937642866765519,0.006235713323448035
319,0.04149099691036251,0.9585090030896375
320,0.19287568251851128,0.8071243174814887
321,0.690135863713387,0.3098641362866131
322,0.5956176855302948,0.4043823144697052
323,0.26302024485104014,0.7369797551489599
324,0.9923466809582938,0.007653319041706208
325,0.9179185350730533,0.08208146492694664
326,0.8974399457064071,0.10256005429359294
327,0.8801360563471365,0.11986394365286346
328,0.9634945188340738,0.03650548116592619
329,0.6572556893203747,0.3427443106796253
330,0.9863944646458439,0.013605535354156147
331,0.9735554707293631,0.02644452927063688
332,0.9913582544742774,0.008641745525722565
333,0.9720480118874062,0.027951988112593754
334,0.9264698766781332,0.07353012332186677
335,0.9953304642899294,0.004669535710070553
336,0.9410452041113172,0.058954795888682784
337,0.986144323127389,0.013855676872611038
338,0.8996957684904794,0.10030423150952057
339,0.9973328534656033,0.0026671465343967395
340,0.8358028691244094,0.16419713087559062
341,0.9344327590697185,0.06556724093028159
342,0.9774785497860644,0.022521450213935545
343,0.9734950610597131,0.026504938940286892
344,0.9911981079407304,0.008801892059269595
345,0.9522020599495467,0.047797940050453395
346,0.7979235324965547,0.20207646750344532
347,0.7425924066342493,0.25740759336575075
348,0.9298772510712102,0.07012274892878974
349,0.9880480442892551,0.011951955710744906
350,0.5975306868216892,0.4024693131783108
351,0.041754227414713574,0.9582457725852864
352,0.7562382126450047,0.24376178735499532
353,0.0018837639672418804,0.9981162360327581
354,0.920904540723212,0.07909545927678799
355,0.4450291273904253,0.5549708726095747
356,0.8219946130870246,0.17800538691297535
357,0.7337665429290308,0.26623345707096924
358,0.876046631818043,0.12395336818195703
359,0.9970363110383701,0.0029636889616299336
360,0.7112786250157254,0.28872137498427464
361,0.9716774181916563,0.02832258180834373
362,0.9536710666816413,0.04632893331835869
363,0.8413661438012864,0.15863385619871362
364,0.8652222160453505,0.13477778395464943
365,0.0029190570468849986,0.997080942953115
366,0.7119367122233797,0.2880632877766202
367,0.5982653957706368,0.4017346042293633
368,0.8324878026869738,0.1675121973130263
369,0.9616005043882063,0.038399495611793635
370,0.9128538563541628,0.08714614364583713
371,0.912073775146896,0.08792622485310402
372,0.9383686016551638,0.061631398344836205
373,0.9391825573304063,0.06081744266959369
374,0.9021454433296561,0.09785455667034393
375,0.6766622037996068,0.32333779620039316
376,0.9509920480839593,0.049007951916040716
377,0.7354924193344108,0.26450758066558916
378,0.7741117254492007,0.22588827455079932
379,0.9109920376050097,0.08900796239499031
380,0.9715600288310569,0.0284399711689432
381,0.8909083172897243,0.10909168271027565
382,0.9189768102796034,0.08102318972039656
383,0.9743065627267259,0.025693437273274135
384,0.9080565223590912,0.09194347764090886
385,0.31972347468153073,0.6802765253184693
386,0.6071457575783227,0.3928542424216773
387,0.8860253370238527,0.11397466297614732
388,0.8569474469328315,0.14305255306716846
389,0.9595812045396914,0.04041879546030861
390,0.5444102550448908,0.4555897449551092
391,0.8314855305567417,0.16851446944325832
392,0.9086357605483881,0.09136423945161183
393,0.869090718451968,0.13090928154803202
394,0.9278380165863254,0.07216198341367462
395,0.8864217139781401,0.11357828602185994
396,0.9440669256942108,0.055933074305789234
397,0.9592554413912091,0.04074455860879089
398,0.7211037960252294,0.27889620397477055
399,0.7156728505137744,0.28432714948622556
400,0.186509145218951,0.813490854781049
401,0.9977276562684095,0.0022723437315904636
402,0.8178918122583784,0.1821081877416216
403,0.7922196853714609,0.20778031462853902
404,0.9989691133313661,0.0010308866686339797
405,0.9042618961344921,0.09573810386550782
406,0.8786585560063478,0.12134144399365215
407,0.9912203126429253,0.008779687357074666
408,0.9987641258499962,0.0012358741500038658
409,0.886236586969912,0.11376341303008797
410,0.8147287828205512,0.18527121717944883
411,0.9357496276697781,0.06425037233022196
412,0.9971769675212602,0.002823032478739837
413,0.9225464582821401,0.07745354171785995
414,0.04342525956702148,0.9565747404329785
415,0.9410239723465248,0.058976027653475156
416,0.9938953184016274,0.006104681598372581
417,0.9448560406735963,0.055143959326403744
418,0.9883446304869273,0.011655369513072639
419,0.3002306464894292,0.6997693535105708
420,0.5528454576705513,0.4471545423294487
421,0.31071087979558565,0.6892891202044144
422,0.8369875147871009,0.16301248521289913
423,0.825654885136342,0.17434511486365797
424,0.9962737452781858,0.0037262547218142564
425,0.9839160416008865,0.01608395839911353
426,0.6344749281000163,0.36552507189998373
427,0.7079710761905966,0.2920289238094034
428,0.8985754881359512,0.10142451186404874
429,0.8863483648383242,0.11365163516167574
430,0.007733409141789216,0.9922665908582108
431,0.9603257367900481,0.03967426320995192
432,0.8988238037962608,0.10117619620373922
433,0.9890622599394889,0.010937740060511044
434,0.7827514850701057,0.21724851492989428
435,0.9441215545101496,0.055878445489850395
436,0.9439153885117251,0.0560846114882749
437,0.7011999122478625,0.2988000877521375
438,0.9420062469986474,0.05799375300135252
439,0.7479944179044731,0.252005582095527
440,0.9864917516335339,0.01350824836646611
441,0.7633790642292893,0.2366209357707108
442,0.8134772065943136,0.18652279340568648
443,0.5897951358494471,0.41020486415055296
444,0.855014050011522,0.14498594998847805
445,0.8936302062871424,0.10636979371285755
446,0.3235130190057677,0.6764869809942323
447,0.016970592245833194,0.9830294077541668
448,0.848888822499061,0.151111177500939
449,0.9958072498811752,0.0041927501188248435
450,0.8541767362418848,0.1458232637581152
451,0.8561242610628833,0.14387573893711667
452,0.9418101255260019,0.05818987447399817
453,0.48537431096480665,0.5146256890351933
454,0.966912512662327,0.03308748733767296
455,0.9044937433304417,0.09550625666955823
456,0.7961022800584538,0.2038977199415461
457,0.9746253040844468,0.02537469591555321
458,0.8419479860143824,0.15805201398561766
459,0.9347861552921508,0.0652138447078492
460,0.8841324125480987,0.11586758745190127
461,0.9998785528742637,0.00012144712573626674
462,0.5678070760029379,0.43219292399706216
463,0.7872088056482645,0.2127911943517356
464,0.9513857081493327,0.04861429185066736
465,0.12242625153354303,0.877573748466457
466,0.9119154487526484,0.08808455124735165
467,0.8536128202654483,0.14638717973455168
468,0.890022096508824,0.10997790349117595
469,0.2440943915177901,0.7559056084822099
470,0.9393040516174802,0.06069594838251984
471,0.9774454278561819,0.02255457214381812
472,0.9997430099918584,0.00025699000814164824
473,0.11780911277294304,0.882190887227057
474,0.9990078372629859,0.000992162737014119
475,0.84081863086043,0.15918136913956998
476,0.9791105068711555,0.020889493128844455
477,0.8141101144547939,0.18588988554520616
478,0.935892777965076,0.064107222034924
479,0.9357594506084015,0.06424054939159848
480,0.37842163796136796,0.621578362038632
481,0.8082144133754595,0.19178558662454046
482,0.7498398366366097,0.2501601633633903
483,0.740812545486589,0.259187454513411
484,0.950957916080509,0.04904208391949104
485,0.8983995662590593,0.10160043374094076
486,0.9615360574376557,0.03846394256234429
487,0.8084220345159294,0.19157796548407052
488,0.9984975177926283,0.001502482207371702
489,0.9359777939804841,0.06402220601951597
490,0.9571882570707796,0.04281174292922042
491,0.7836905545686488,0.2163094454313512
492,0.8376279121677175,0.16237208783228252
493,0.7205018648912236,0.2794981351087764
494,0.8750473407311606,0.12495265926883933
495,0.9505140511356108,0.04948594886438915
496,0.7752141029078936,0.22478589709210642
497,0.7720619339734311,0.22793806602656883
498,0.8140111276689626,0.1859888723310375
499,0.8936169521986603,0.10638304780133961
500,0.9151099514086269,0.08489004859137306
501,0.7862703650250233,0.21372963497497668
502,0.8646566489190667,0.1353433510809333
503,0.8933910319721016,0.10660896802789847
504,0.9080123978591796,0.09198760214082033
505,0.14984932550680508,0.8501506744931949
506,0.7255685788583119,0.27443142114168806
507,0.3414193931668027,0.6585806068331973
508,0.8926358862398405,0.10736411376015952
509,0.47514112732248825,0.5248588726775117
510,0.9830609507081727,0.016939049291827307
511,0.6353676346486796,0.3646323653513204
512,0.8779092263670846,0.12209077363291539
513,0.5389285829781219,0.46107141702187815
514,0.5981075752382302,0.4018924247617698
515,0.9303577171926092,0.06964228280739083
516,0.8321153559412856,0.16788464405871437
517,0.9322849829459542,0.06771501705404584
518,0.8311621838941115,0.1688378161058886
519,0.896913115319754,0.10308688468024596
520,0.8832681056374948,0.11673189436250518
521,0.9666056499487465,0.03339435005125348
522,0.8981533111146446,0.10184668888535543
523,0.9317896603609575,0.06821033963904255
524,0.6983580767075445,0.30164192329245554
525,0.9969606143358096,0.003039385664190352
526,0.32565556071787527,0.6743444392821247
527,0.08775113613327024,0.9122488638667298
528,0.6585654496325516,0.3414345503674484
529,0.6919561868489172,0.3080438131510828
530,0.9881245239999306,0.011875476000069402
531,0.8969106539339805,0.10308934606601947
532,0.9736521197989353,0.02634788020106466
533,0.980590469684916,0.019409530315083974
534,0.9406837239907216,0.05931627600927833
535,0.28099275742025764,0.7190072425797424
536,0.5360937134892297,0.46390628651077026
537,0.48885357549620756,0.5111464245037924
538,0.9746219707565668,0.025378029243433253
539,0.781516796657065,0.21848320334293506
540,0.8916854015107696,0.10831459848923045
541,0.07533762597843352,0.9246623740215665
542,0.9556872290184788,0.04431277098152114
543,0.830502733306008,0.16949726669399195
544,0.9209344008648974,0.07906559913510257
545,0.9331622504083829,0.06683774959161719
546,0.949387543535842,0.05061245646415803
547,0.8307912015694041,0.16920879843059586
548,0.5042507294286409,0.49574927057135915
549,0.9444792031083566,0.055520796891643354
550,0.7928415140533751,0.2071584859466249
551,0.997279785076037,0.0027202149239630167
552,0.9722618411071932,0.02773815889280688
553,0.970391920255798,0.029608079744201987
554,0.6837656953726157,0.3162343046273843
555,0.8181503019198693,0.18184969808013074
556,0.38867703769981743,0.6113229623001826
557,0.9881397193216387,0.011860280678361299
558,0.9888284543903586,0.01117154560964145
559,0.9617851312488098,0.0382148687511902
560,0.6457406147986068,0.3542593852013932
561,0.05026881746522427,0.9497311825347757
562,0.8982651727716755,0.10173482722832444
563,0.9659238436185857,0.03407615638141424
564,0.9894174266350466,0.01058257336495337
565,0.6493265590726435,0.35067344092735653
566,0.937897163823081,0.062102836176919016
567,0.0037633661200201507,0.9962366338799798
568,0.9104326414707653,0.08956735852923473
569,0.5305357094611198,0.46946429053888017
570,0.7157987760698933,0.2842012239301067
571,0.9086494885943887,0.0913505114056113
572,0.7095255723559002,0.2904744276440998
573,0.8193559267890422,0.1806440732109577
574,0.9966160847840174,0.0033839152159826137
575,0.8096694862883643,0.19033051371163567
576,0.8613862880593903,0.13861371194060962
577,0.978053316460362,0.021946683539638048
578,0.2535159599995124,0.7464840400004876
579,0.7695235845076351,0.2304764154923648
580,0.9665843816298901,0.03341561837010982
581,0.9852427984031912,0.014757201596808808
582,0.9631748964581418,0.036825103541858244
583,0.9297117991587033,0.07028820084129676
584,0.9354447197041631,0.06455528029583688
585,0.9475260210125482,0.05247397898745176
586,0.9784648258219658,0.021535174178034223
587,0.27484312646708053,0.7251568735329195
588,0.8452454624985979,0.15475453750140208
589,0.9716572699409548,0.028342730059045175
590,0.9554211913811846,0.0445788086188154
591,0.9043045769966362,0.09569542300336381
592,0.9055535507144362,0.09444644928556375
593,0.805889438227282,0.19411056177271804
594,0.9948432350762234,0.00515676492377655
595,0.9602962367087233,0.03970376329127669
596,0.18837534312866266,0.8116246568713373
597,0.9724451748516629,0.027554825148337108
598,0.9991743781503108,0.0008256218496891213
599,0.8966341478783025,0.10336585212169747
600,0.979056282945255,0.020943717054744973
601,0.9010962747354907,0.09890372526450925
602,0.8870432242878177,0.11295677571218232
603,0.9748782335714715,0.02512176642852843
604,0.8121351597988244,0.1878648402011755
605,0.8364578464801551,0.16354215351984489
606,0.7186179525516119,0.28138204744838813
607,0.9857740037036912,0.014225996296308809
608,0.9396013003527554,0.06039869964724462
609,0.09274993501492657,0.9072500649850734
610,0.8473515398690591,0.1526484601309409
611,0.9465210150871067,0.05347898491289322
612,0.3590931853453635,0.6409068146546365
613,0.9979829918230759,0.0020170081769240525
614,0.8207239068360419,0.17927609316395804
615,0.9747907943059481,0.025209205694051988
616,0.9143633557176738,0.08563664428232626
617,0.6466195148740048,0.3533804851259952
618,0.9931956624033705,0.006804337596629453
619,0.990814768148363,0.009185231851637004
620,0.9455755193685296,0.05442448063147043
621,0.7804440305166938,0.21955596948330627
622,0.7334246139763033,0.2665753860236967
623,0.27299343208511284,0.7270065679148872
624,0.5719561749680424,0.42804382503195765
625,0.24460201304710705,0.755397986952893
626,0.7975897226029786,0.20241027739702142
627,0.9755195933052719,0.024480406694728084
628,0.9816539470650637,0.018346052934936307
629,0.48985148976143533,0.5101485102385647
630,0.8944690769725604,0.10553092302743962
631,0.9218036706476125,0.07819632935238756
632,0.9426643440324408,0.057335655967559226
633,0.8493734468703921,0.1506265531296079
634,0.9610382674843627,0.038961732515637316
635,0.8555631595212205,0.14443684047877942
636,0.892989915866589,0.107010084133411
637,0.7105790791545389,0.2894209208454611
638,0.9870889395421766,0.012911060457823465
639,0.7996156015070154,0.20038439849298464
640,0.9538969442967449,0.0461030557032551
641,0.8887991466065278,0.11120085339347222
642,0.8819555078809644,0.1180444921190355
643,0.9772194256959643,0.022780574304035645
644,0.7522589822973123,0.2477410177026878
645,0.8651957766367611,0.13480422336323897
646,0.9883951266332509,0.01160487336674908
647,0.8469436128061356,0.1530563871938644
648,0.8786043360647676,0.12139566393523242
649,0.9169101799919264,0.08308982000807369
650,0.8680625633988416,0.13193743660115842
651,0.4262561380100438,0.5737438619899562
652,0.8769512974481403,0.12304870255185973
653,0.9501748002636707,0.04982519973632924
654,0.9851187512612435,0.014881248738756537
655,0.955383171544156,0.044616828455844
656,0.970793121631349,0.02920687836865101
657,0.6132388952777963,0.3867611047222037
658,0.9400487552280872,0.05995124477191279
659,0.6671672395896804,0.33283276041031956
660,0.6788950214013367,0.32110497859866327
661,0.6205680121505264,0.3794319878494736
662,0.8596790485746109,0.14032095142538908
663,0.988368722690888,0.011631277309111955
664,0.4969482938836586,0.5030517061163414
665,0.9227496223748417,0.07725037762515828
666,0.9171976094365418,0.08280239056345814
667,0.7448508922514383,0.25514910774856175
668,0.7271031858755259,0.27289681412447403
669,0.434843935775586,0.565156064224414
670,0.9172589269342504,0.08274107306574967
671,0.9513349464098061,0.04866505359019389
672,0.017862511214405408,0.9821374887855946
673,0.9888535569467004,0.011146443053299543
674,0.3347517068030832,0.6652482931969168
675,0.9841888532945564,0.015811146705443608
676,0.7557940946180117,0.2442059053819883
677,0.6850089882130385,0.31499101178696154
678,0.7391553195970955,0.26084468040290454
679,0.9599127539558064,0.04008724604419356
680,0.9293495713705052,0.0706504286294948
681,0.9989848763709109,0.0010151236290890555
682,0.8799022676042396,0.12009773239576041
683,0.8541312323636083,0.14586876763639167
684,0.971377364986648,0.028622635013352035
685,0.5054115762745266,0.4945884237254734
686,0.9841877036404532,0.01581229635954682
687,0.9259690457766104,0.07403095422338958
688,0.7848725285421037,0.21512747145789637
689,0.8566944535014421,0.1433055464985579
690,0.9808034761362279,0.019196523863772127
691,0.9659417947121518,0.03405820528784819
692,0.742463234294514,0.257536765705486
693,0.9908986798585957,0.00910132014140428
694,0.30082287836569743,0.6991771216343026
695,0.9828441339465054,0.01715586605349465
696,0.7599123673466328,0.2400876326533672
697,0.7170670686503884,0.28293293134961156
698,0.9855413691214558,0.014458630878544113
699,0.9802185006295421,0.01978149937045787
700,0.9499835908346271,0.050016409165372845
701,0.8837138789689729,0.11628612103102708
702,0.9873162272347078,0.012683772765292185
703,0.1129110598845483,0.8870889401154517
704,0.9556941355399073,0.04430586446009268
705,0.976855302692459,0.02314469730754103
706,0.9045511075941008,0.09544889240589918
707,0.4857597899177374,0.5142402100822626
708,0.8809398841482811,0.1190601158517189
709,0.9473260881877783,0.05267391181222169
710,0.8855213227974236,0.11447867720257647
711,0.7887220767153305,0.21127792328466957
712,0.5773410276786543,0.42265897232134575
713,0.9303067686888428,0.06969323131115725
714,0.96611635468303,0.033883645316969996
715,0.9227982102320039,0.07720178976799605
716,0.861121914154503,0.13887808584549705
717,0.9915415620364552,0.008458437963544799
718,0.832612299548328,0.16738770045167198
719,0.8457129967613849,0.15428700323861513
720,0.03262178438569496,0.967378215614305
721,0.9223665549818808,0.07763344501811924
722,0.8394295393194786,0.16057046068052144
723,0.9933154055458344,0.00668459445416554
724,0.9518229746908642,0.04817702530913581
725,0.9681713227766786,0.031828677223321424
726,0.4382891957279873,0.5617108042720127
727,0.9510275235068397,0.04897247649316025
728,0.914571291940685,0.085428708059315
729,0.9379017014937022,0.062098298506297805
730,0.9989143438423222,0.0010856561576777803
731,0.6897828998200762,0.31021710017992377
732,0.885981445095317,0.11401855490468299
733,0.5415783284188503,0.45842167158114966
734,0.5924502910089604,0.4075497089910396
735,0.8883545318142134,0.11164546818578662
736,0.9648336848013701,0.0351663151986299
737,0.324602372586543,0.675397627413457
738,0.8520067526054098,0.14799324739459013
739,0.9041378032266494,0.09586219677335056
740,0.7761102824681843,0.22388971753181575
741,2.2528738283233984e-05,0.9999774712617168
742,0.9659447469450493,0.034055253054950684
743,0.7335571622012886,0.2664428377987114
744,0.999875889036632,0.00012411096336796068
745,0.9890831473030786,0.010916852696921445
746,0.9987058460814923,0.0012941539185077286
747,0.876066015590391,0.12393398440960901
748,0.6826406686573769,0.3173593313426231
749,0.9775179121034866,0.022482087896513417
750,0.23319329819776835,0.7668067018022316
751,0.6685201475341541,0.3314798524658459
752,0.7885983988188684,0.21140160118113163
753,0.9939703171121541,0.0060296828878459025
754,0.9148645212539249,0.08513547874607509
755,0.6998095514413598,0.30019044855864024
756,0.9466442994288884,0.05335570057111166
757,0.9154813537551986,0.0845186462448014
758,0.663751230876189,0.33624876912381096
759,0.9924406215791922,0.007559378420807768
760,0.9866767055994528,0.013323294400547296
761,0.8582831767156731,0.14171682328432683
762,0.925472573598234,0.07452742640176606
763,0.7296823933934165,0.27031760660658355
764,0.9771544157251544,0.022845584274845596
765,0.8002345305483867,0.1997654694516134
766,0.8508647923176296,0.14913520768237043
767,0.8509571982795561,0.1490428017204439
768,0.2983264040622945,0.7016735959377055
769,0.9616907782142591,0.03830922178574094
770,0.9758835203687013,0.02411647963129866
771,0.8260657814152141,0.17393421858478583
772,0.0006187202759668775,0.9993812797240331
773,0.9632971214447255,0.036702878555274536
774,0.37644132102078165,0.6235586789792184
775,0.9784920501002953,0.021507949899704722
776,0.9564958744046033,0.04350412559539678
777,0.9385249798016541,0.0614750201983459
778,0.9903075534116534,0.009692446588346526
779,0.9569541754370887,0.04304582456291124
780,0.998410263339922,0.0015897366600779595
781,0.9178235915791716,0.08217640842082842
782,0.9926361567654662,0.0073638432345338005
783,0.9749954919602722,0.025004508039727733
784,0.951297303822403,0.04870269617759703
785,0.7292616512535393,0.2707383487464608
786,0.882678137243372,0.11732186275662808
787,0.49515472014025563,0.5048452798597444
788,0.7077718729062941,0.292228127093706
789,0.8684214052118007,0.13157859478819933
790,0.8773585730084256,0.12264142699157446
791,0.13303977404083267,0.8669602259591673
792,0.9321941498112453,0.06780585018875476
793,0.991392887550071,0.00860711244992891
794,0.23999276280768345,0.7600072371923166
795,0.8622283295810117,0.13777167041898827
796,3.0766596151199366e-05,0.9999692334038488
797,0.47998098008510803,0.520019019914892
798,0.9020562773175607,0.09794372268243931
799,0.5870408090264113,0.4129591909735887
800,0.2325820904912025,0.7674179095087975
801,0.9744165832574336,0.02558341674256637
802,0.9798900547398726,0.020109945260127472
803,0.7095328097156788,0.2904671902843212
804,0.9063338245844252,0.09366617541557476
805,0.859122444173644,0.14087755582635597
806,0.8472219857381386,0.15277801426186144
807,0.9223044454947906,0.07769555450520943
808,0.891698954652784,0.10830104534721592
809,0.9256610998132627,0.07433890018673732
810,0.009589830353889717,0.9904101696461103
811,0.7984515858221559,0.2015484141778441
812,0.8122925237068775,0.18770747629312245
813,0.9919288018419794,0.008071198158020609
814,0.9167363793151462,0.08326362068485381
815,0.9812587025413633,0.01874129745863676
816,0.8099831619381447,0.19001683806185535
817,0.8556128806458214,0.1443871193541786
818,0.9038499671545217,0.0961500328454783
819,0.9044988506892543,0.09550114931074573
820,0.846055532986501,0.15394446701349893
821,0.9397907032960199,0.060209296703980085
822,0.9397193960547517,0.06028060394524829
823,0.9768853331395562,0.023114666860443785
824,0.9368026532920012,0.06319734670799884
825,0.9864915916108462,0.013508408389153813
826,0.5614464199514607,0.4385535800485393
827,0.9673090737302206,0.03269092626977947
828,0.6748461608624539,0.32515383913754614
829,0.9159688146296885,0.08403118537031146
830,0.9540824836313604,0.04591751636863964
831,0.9567265875932662,0.04327341240673371
832,0.9732371008647835,0.026762899135216407
833,0.8154635186183068,0.18453648138169326
834,0.9542508062099507,0.045749193790049304
835,0.7021006737020387,0.29789932629796134
836,0.4320297026011167,0.5679702973988833
837,0.8070231275662355,0.1929768724337645
838,0.8818964133776024,0.11810358662239767
839,0.9497880793956675,0.0502119206043325
840,0.9658571605804366,0.03414283941956342
841,0.9320161184085902,0.06798388159140972
842,0.915732149301804,0.08426785069819592
843,0.7953709833237456,0.20462901667625444
844,0.6518768815109914,0.3481231184890085
845,0.5808190131952279,0.4191809868047721
846,0.7665913940434869,0.23340860595651314
847,0.7967805960293932,0.20321940397060673
848,0.9754359870116965,0.0245640129883035
849,0.8630938803772473,0.1369061196227527
850,0.25902022660531276,0.7409797733946872
851,0.9196098161833005,0.08039018381669953
852,0.7658043151264521,0.23419568487354794
853,0.8618827210263272,0.13811727897367274
854,0.3891999971139789,0.6108000028860211
855,0.8328169826406608,0.1671830173593391
856,0.8654740770030213,0.13452592299697871
857,0.9909911129895037,0.009008887010496269
858,0.3317334731014021,0.6682665268985979
859,0.9136974461716626,0.08630255382833736
860,0.447121561013193,0.552878438986807
861,0.6598764806160562,0.34012351938394386
862,0.9776605811943118,0.02233941880568825
863,0.9668640173323623,0.03313598266763778
864,0.9261855902027906,0.07381440979720941
865,0.9504367097212651,0.04956329027873483
866,0.8590042930044786,0.14099570699552147
867,0.9372281800327827,0.06277181996721723
868,0.8003520139396406,0.19964798606035936
869,0.5896858981414397,0.4103141018585603
870,0.9795015462306393,0.020498453769360703
871,0.8981852216416645,0.10181477835833556
872,0.8159623940725456,0.18403760592745438
873,0.6984244483960399,0.3015755516039601
874,0.728042303709477,0.2719576962905231
875,0.3834253463592686,0.6165746536407314
876,0.6412344698829627,0.35876553011703727
877,0.9238711215006468,0.07612887849935322
878,0.8721187462593274,0.12788125374067266
879,0.4681640000053421,0.5318359999946579
880,0.9180307982411984,0.08196920175880168
881,0.8622438727509529,0.1377561272490471
882,0.8870621221255505,0.11293787787444955
883,0.9875038975321506,0.012496102467849407
884,0.863669089700039,0.13633091029996103
885,0.150114478908702,0.849885521091298
886,0.8210870649211481,0.17891293507885192
887,0.9387801542965678,0.06121984570343216
888,0.5908050682334973,0.4091949317665027
889,0.6406821323927077,0.35931786760729234
890,0.8173592409704569,0.18264075902954308
891,0.8838896001948457,0.11611039980515421
892,0.009621229112522056,0.9903787708874779
893,0.9246935133101156,0.07530648668988438
894,0.9208811837726665,0.07911881622733352
895,0.5743746951085515,0.42562530489144845
896,0.9995557044395512,0.0004442955604487883
897,0.3130414576216711,0.6869585423783289
898,0.8320504383275258,0.16794956167247424
899,0.9413541636148421,0.05864583638515789
900,0.6865522953150314,0.3134477046849686
901,0.9232225851290217,0.07677741487097829
902,0.9927258209033009,0.00727417909669909
903,0.9932767752263707,0.006723224773629304
904,0.9915287624019142,0.008471237598085758
905,0.9686990653187562,0.031300934681243855
906,0.758464078160011,0.24153592183998895
907,0.9970460770402585,0.0029539229597414776
908,0.9797152785224894,0.020284721477510627
909,0.9982142606000245,0.0017857393999754787
910,0.9753874400422158,0.024612559957784223
911,0.6975980939037842,0.3024019060962157
912,0.1612476398294176,0.8387523601705824
913,0.2702386893353447,0.7297613106646553
914,0.9551584553756547,0.044841544624345316
915,0.40513411422483625,0.5948658857751637
916,0.027809112522019896,0.9721908874779801
917,0.9798456222398894,0.02015437776011062
918,0.9987877081336736,0.0012122918663263816
919,0.955359376127557,0.044640623872443004
920,0.9852400351241389,0.014759964875861053
921,0.9267810478424934,0.07321895215750668
922,0.8227635040380515,0.17723649596194843
923,0.708483718243579,0.291516281756421
924,0.8423870706848173,0.1576129293151827
925,0.37150609353403985,0.6284939064659602
926,0.978832573320182,0.02116742667981799
927,0.8427947689852093,0.15720523101479061
928,0.9122249343004655,0.08777506569953454
929,0.8230976637237222,0.17690233627627788
930,0.9272247892084743,0.07277521079152569
931,0.9063310580079307,0.09366894199206932
932,0.921008614552769,0.07899138544723101
933,0.9991055771942552,0.0008944228057447547
934,0.6983000774627997,0.3016999225372003
935,0.8610622195184453,0.13893778048155467
936,0.25677600644214826,0.7432239935578517
937,0.8426301123274937,0.15736988767250631
938,0.21614579761243835,0.7838542023875616
939,0.962911615547217,0.03708838445278299
940,0.9858488902107763,0.014151109789223706
941,0.14718153675926715,0.8528184632407328
942,0.8291053976819501,0.17089460231804984
943,0.7484697378156013,0.2515302621843986
944,0.9549045705924932,0.045095429407506736
945,0.8720303109868821,0.12796968901311795
946,0.8943967646963679,0.10560323530363212
947,0.8880185772173889,0.11198142278261115
948,0.901829232831791,0.09817076716820908
949,0.9365991823858117,0.06340081761418821
950,0.18295401658887778,0.8170459834111222
951,0.7626707694440464,0.2373292305559535
952,0.050613090974271024,0.949386909025729
953,0.9008708627657961,0.09912913723420388
954,0.9833163108808449,0.01668368911915507
955,0.9737014437998848,0.026298556200115186
956,0.8845964235662712,0.11540357643372877
957,0.5676952806590645,0.4323047193409355
958,0.8148521972839688,0.18514780271603112
959,0.3163517757777301,0.6836482242222699
960,0.9286940684144863,0.07130593158551367
961,0.4979768517671994,0.5020231482328006
962,0.750351933959237,0.2496480660407629
963,0.8960294960605985,0.10397050393940153
964,0.7899686570196216,0.21003134298037837
965,0.985500163414951,0.014499836585049086
966,0.9109718592524231,0.08902814074757696
967,0.010399025229067549,0.9896009747709325
968,0.8673572893475507,0.13264271065244929
969,0.7757405975253522,0.22425940247464787
970,0.8344693042607282,0.16553069573927182
971,0.7406075158976311,0.25939248410236887
972,0.6414884012901331,0.35851159870986693
973,0.9624694093732509,0.037530590626749134
974,0.9653498088066647,0.03465019119333536
975,0.9362054035306218,0.06379459646937823
976,0.9411909189561554,0.058809081043844656
977,0.885694443600388,0.11430555639961198
978,0.8417720799711881,0.15822792002881186
979,0.8185962698768865,0.18140373012311353
980,0.731899262739053,0.26810073726094696
981,0.5624985862194173,0.4375014137805827
982,0.8694422490506382,0.13055775094936187
983,0.9578451796565012,0.04215482034349885
984,0.9968754693857411,0.0031245306142589015
985,0.8525373018936334,0.14746269810636659
986,0.9326468421941755,0.06735315780582454
987,0.38555537880819835,0.6144446211918017
988,0.574238475484435,0.42576152451556504
989,0.691879905071357,0.308120094928643
990,0.9017809785470812,0.09821902145291887
991,0.4182385061017,0.5817614938983
992,0.9638515747545013,0.036148425245498626
993,0.9718113524402527,0.028188647559747287
994,0.9600725238639538,0.03992747613604625
995,0.6057551874250234,0.39424481257497657
996,0.9200807533806005,0.07991924661939956
997,0.5090631127455388,0.49093688725446116
998,0.9655379273961374,0.0344620726038626
999,0.405284788531052,0.594715211468948
1000,0.8621603353609453,0.13783966463905473
1001,0.8207320304946132,0.17926796950538681
1002,0.9292517445667741,0.07074825543322598
1003,0.8334829636752435,0.16651703632475648
1004,0.9089997416770588,0.09100025832294117
1005,0.4506145056129257,0.5493854943870743
1006,0.4409031797521209,0.5590968202478791
1007,0.8969864199599252,0.10301358004007481
1008,0.8010186380088437,0.19898136199115635
1009,0.9908022238723799,0.009197776127620067
1010,0.8223093740288724,0.1776906259711276
1011,0.9574341525856912,0.04256584741430882
1012,0.9784061642772275,0.021593835722772476
1013,0.3948245751960975,0.6051754248039025
1014,0.02213894639500069,0.9778610536049993
1015,0.9461356469763472,0.05386435302365277
1016,0.27584732504574394,0.7241526749542561
1017,0.9725789955335851,0.027421004466414985
1018,0.9254610287904337,0.07453897120956628
1019,0.7192350614533911,0.28076493854660894
1020,0.9736064592627918,0.02639354073720828
1021,0.5637082654763133,0.4362917345236867
1022,0.8529672644654568,0.14703273553454319
1023,0.9918403498253425,0.008159650174657525
1024,0.9681624480923433,0.03183755190765666
1025,0.11250208226759872,0.8874979177324013
1026,0.7540722496531503,0.24592775034684966
1027,0.8265406278683245,0.17345937213167553
1028,0.555419957082008,0.4445800429179921
1029,0.9466615168057048,0.05333848319429519
1030,0.9851519434738029,0.014848056526197173
1031,0.5231625730989933,0.4768374269010068
1032,0.9266574087633594,0.07334259123664055
1033,0.9682354344570492,0.031764565542950866
1034,0.9392942920990276,0.060705707900972454
1035,0.9768486644731389,0.023151335526861074
1036,0.8370586103198702,0.16294138968012986
1037,0.9509467763195203,0.04905322368047969
1038,0.994135106954871,0.005864893045129083
1039,0.8979586216555128,0.10204137834448723
1040,0.7659134729972673,0.2340865270027327
1041,0.8744956817005467,0.12550431829945324
1042,0.9855727882036405,0.014427211796359541
1043,0.5718844236823757,0.4281155763176243
1044,0.8793248565770295,0.12067514342297049
1045,0.7814005822695784,0.2185994177304216
1046,0.7909571631851552,0.20904283681484484
1047,0.9250581193541287,0.07494188064587125
1048,0.6626923557705239,0.3373076442294761
1049,0.010283329449694345,0.9897166705503057
1050,0.18662262104933935,0.8133773789506606
1051,0.5905235465745216,0.40947645342547845
1052,0.33662412636964334,0.6633758736303567
1053,0.8072454318688824,0.1927545681311176
1054,0.890987250300607,0.10901274969939304
1055,0.9324236090831508,0.06757639091684917
1056,0.8502954659174691,0.14970453408253095
1057,0.8708186591942804,0.12918134080571958
1058,0.9558794295295876,0.04412057047041239
1059,0.9391106020938081,0.060889397906191814
1060,0.9525424922577257,0.047457507742274335
1061,0.9315372017989051,0.06846279820109492
1062,0.6279052392221167,0.37209476077788334
1063,0.9352618872408914,0.06473811275910861
1064,0.9577205110522432,0.04227948894775678
1065,0.9601989408526714,0.03980105914732854
1066,0.8530176222442979,0.14698237775570208
1067,0.840068512072687,0.15993148792731304
1068,0.9088545785018879,0.09114542149811207
1069,0.9990850909141401,0.000914909085859921
1070,0.9503499762612364,0.04965002373876358
1071,0.9825480410938471,0.017451958906152896
1072,0.7780299762432163,0.2219700237567837
1073,0.9913132240559287,0.00868677594407129
1074,0.9253844534587872,0.07461554654121282
1075,0.8709938528693528,0.12900614713064715
1076,0.9450624125136644,0.05493758748633557
1077,0.9839969731149751,0.016003026885024807
1078,0.9167760920003304,0.08322390799966962
1079,0.818822750636782,0.18117724936321797
1080,0.7033858388749075,0.2966141611250926
1081,0.6194190902791894,0.38058090972081066
1082,0.7873981404353615,0.21260185956463853
1083,0.9974140797248561,0.0025859202751439356
1084,0.8828521114019795,0.1171478885980205
1085,0.9085362525867946,0.09146374741320544
1086,0.8725295451627786,0.12747045483722147
1087,0.9424150409133837,0.057584959086616344
1088,0.9955170935286888,0.004482906471311216
1089,0.9686361311546637,0.031363868845336276
1090,0.8375156034255312,0.16248439657446878
1091,0.9425241914605088,0.05747580853949116
1092,0.8492592531463727,0.1507407468536273
1093,0.7717008929086024,0.22829910709139753
1094,0.5988940807985971,0.4011059192014029
1095,0.9371547791627197,0.0628452208372803
1096,0.9599921052050205,0.04000789479497951
1097,0.9507805503961746,0.049219449603825384
1098,0.9826043969533261,0.017395603046673886
1099,0.3870913900151304,0.6129086099848696
1100,0.8299224731978017,0.1700775268021984
1101,0.778105829801705,0.221894170198295
1102,0.8737882087136837,0.12621179128631638
1103,0.5073126410141133,0.4926873589858866
1104,0.11161571673568704,0.888384283264313
1105,0.8523334245776589,0.14766657542234105
1106,0.9965046408100612,0.0034953591899388337
1107,0.9858084552085136,0.014191544791486436
1108,0.8736040614953415,0.12639593850465847
1109,0.9700977935646584,0.029902206435341593
1110,0.9226244160214742,0.07737558397852583
1111,0.8521836550225768,0.1478163449774232
1112,0.9969048926043628,0.0030951073956372137
1113,0.8260595453358713,0.1739404546641287
1114,0.9743516360485273,0.025648363951472724
1115,0.020531182176911744,0.9794688178230883
1116,0.792055966609351,0.20794403339064899
1117,0.34885456299282724,0.6511454370071728
1118,0.5716738459988514,0.4283261540011486
1119,0.9673152450153168,0.03268475498468313
1120,0.9688027605264533,0.03119723947354669
1121,0.8361648584698183,0.1638351415301817
1122,0.9802120688703772,0.01978793112962289
1123,0.8912760320215549,0.10872396797844512
1124,0.8126575967719436,0.18734240322805634
1125,0.9779274450177384,0.02207255498226161
1126,0.19704770235863145,0.8029522976413686
1127,0.8496626945392123,0.1503373054607877
1128,0.9646668669977351,0.03533313300226492
1129,0.9529936007960877,0.04700639920391223
1130,0.973286022834038,0.026713977165962032
1131,0.9986861104945103,0.0013138895054896939
1132,0.9758507912443714,0.024149208755628614
1133,0.7976721811016831,0.20232781889831689
1134,0.9041573437364532,0.09584265626354684
1135,0.6582121608375391,0.3417878391624609
